trade_id,session_id,event_family,regime,score_bucket,bars_held,outcome,pnl
T0001,S001,gap,normal,0.4-0.5,1,win,161.26
T0002,S001,impulse,volatile,0.3-0.4,1,win,161.26
T0003,S002,gap,volatile,0.6-0.7,1,loss,-251.24
T0004,S002,impulse,volatile,0.2-0.3,1,win,161.26
T0005,S003,gap,volatile,0.6-0.7,1,win,161.26
T0006,S003,prior_breakout,volatile,0.3-0.4,1,win,161.26
T0007,S004,gap,volatile,0.6-0.7,1,loss,-251.24
T0008,S004,impulse,volatile,0.2-0.3,1,loss,-251.24
T0009,S005,gap,volatile,0.6-0.7,1,win,161.26
T0010,S005,impulse,volatile,0.2-0.3,1,win,161.26
T0011,S006,gap,normal,0.4-0.5,1,win,161.26
T0012,S007,gap,volatile,0.6-0.7,1,win,161.26
T0013,S007,impulse,volatile,0.2-0.3,2,win,161.26
T0014,S008,gap,volatile,0.6-0.7,1,win,161.26
T0015,S008,prior_breakout,volatile,0.3-0.4,1,win,161.26
T0016,S009,gap,normal,0.6-0.7,1,loss,-251.24
T0017,S009,impulse,volatile,0.3-0.4,2,loss,-251.24
T0018,S010,gap,volatile,0.6-0.7,1,win,161.26
T0019,S010,impulse,volatile,0.2-0.3,1,loss,-251.24
T0020,S011,gap,volatile,0.6-0.7,1,win,161.26
T0021,S011,range_breakout,volatile,0.3-0.4,1,win,161.26
T0022,S012,gap,volatile,0.6-0.7,1,win,161.26
T0023,S012,impulse,volatile,0.2-0.3,1,win,161.26
T0024,S013,gap,volatile,0.7-0.8,1,win,161.26
T0025,S013,impulse,volatile,0.2-0.3,1,win,161.26
T0026,S014,gap,normal,0.4-0.5,1,win,161.26
T0027,S014,impulse,volatile,0.2-0.3,1,win,161.26
T0028,S015,gap,volatile,0.5-0.6,1,win,161.26
T0029,S015,impulse,volatile,0.2-0.3,1,loss,-251.24
T0030,S016,gap,normal,0.4-0.5,1,win,161.26
T0031,S016,range_breakout,normal,0.2-0.3,3,loss,-251.24
T0032,S017,gap,volatile,0.5-0.6,1,win,161.26
T0033,S017,impulse,volatile,0.2-0.3,1,loss,-251.24
T0034,S018,gap,normal,0.5-0.6,1,win,161.26
T0035,S018,impulse,normal,0.2-0.3,1,loss,-251.24
T0036,S019,gap,volatile,0.6-0.7,2,win,161.26
T0037,S019,impulse,volatile,0.2-0.3,1,loss,-251.24
T0038,S020,gap,volatile,0.5-0.6,1,win,161.26
T0039,S020,impulse,volatile,0.2-0.3,1,win,161.26
T0040,S021,gap,normal,0.6-0.7,1,win,161.26
T0041,S021,impulse,volatile,0.3-0.4,1,loss,-251.24
T0042,S022,gap,normal,0.5-0.6,1,win,161.26
T0043,S022,impulse,volatile,0.2-0.3,1,loss,-251.24
T0044,S023,gap,normal,0.5-0.6,1,loss,-251.24
T0045,S023,impulse,volatile,0.2-0.3,1,win,161.26
T0046,S024,gap,volatile,0.5-0.6,1,loss,-251.24
T0047,S024,impulse,volatile,0.2-0.3,1,loss,-251.24
T0048,S025,gap,volatile,0.6-0.7,1,win,161.26
T0049,S025,impulse,volatile,0.2-0.3,1,loss,-251.24
T0050,S026,gap,normal,0.3-0.4,1,win,161.26
T0051,S026,impulse,volatile,0.2-0.3,1,loss,-251.24
T0052,S027,gap,volatile,0.6-0.7,1,loss,-251.24
T0053,S027,impulse,volatile,0.3-0.4,2,loss,-251.24
T0054,S028,impulse,volatile,0.3-0.4,1,win,161.26
T0055,S028,impulse,volatile,0.3-0.4,2,loss,-251.24
T0056,S029,gap,normal,0.5-0.6,1,win,161.26
T0057,S029,impulse,volatile,0.2-0.3,1,win,161.26
T0058,S030,gap,volatile,0.5-0.6,1,win,161.26
T0059,S030,impulse,volatile,0.2-0.3,1,loss,-251.24
T0060,S031,gap,volatile,0.6-0.7,1,win,161.26
T0061,S031,impulse,volatile,0.2-0.3,1,win,161.26
T0062,S032,gap,volatile,0.6-0.7,1,win,161.26
T0063,S032,impulse,volatile,0.3-0.4,1,loss,-251.24
T0064,S033,gap,volatile,0.7-0.8,1,loss,-251.24
T0065,S033,impulse,volatile,0.3-0.4,1,loss,-251.24
T0066,S034,gap,volatile,0.6-0.7,1,win,161.26
T0067,S034,impulse,volatile,0.3-0.4,1,loss,-251.24
T0068,S035,gap,volatile,0.5-0.6,1,win,161.26
T0069,S035,impulse,volatile,0.3-0.4,1,win,161.26
T0070,S036,gap,volatile,0.7-0.8,1,loss,-251.24
T0071,S036,impulse,volatile,0.3-0.4,1,win,161.26
T0072,S037,gap,volatile,0.6-0.7,2,loss,-251.24
T0073,S037,impulse,volatile,0.3-0.4,1,win,161.26
T0074,S038,gap,volatile,0.5-0.6,1,win,161.26
T0075,S038,impulse,volatile,0.3-0.4,1,win,161.26
T0076,S039,gap,volatile,0.7-0.8,1,win,161.26
T0077,S039,impulse,volatile,0.2-0.3,1,win,161.26
T0078,S040,gap,volatile,0.6-0.7,1,win,161.26
T0079,S040,impulse,volatile,0.2-0.3,2,win,161.26
T0080,S041,gap,volatile,0.6-0.7,1,win,161.26
T0081,S041,impulse,volatile,0.2-0.3,3,win,161.26
T0082,S042,gap,volatile,0.8-0.9,1,win,161.26
T0083,S042,impulse,volatile,0.3-0.4,2,loss,-251.24
T0084,S043,gap,volatile,0.7-0.8,1,loss,-251.24
T0085,S043,impulse,volatile,0.3-0.4,1,loss,-251.24
T0086,S044,gap,volatile,0.6-0.7,1,win,161.26
T0087,S044,impulse,volatile,0.2-0.3,1,win,161.26
T0088,S045,gap,normal,0.5-0.6,1,win,161.26
T0089,S045,impulse,volatile,0.2-0.3,1,loss,-251.24
T0090,S046,gap,normal,0.5-0.6,1,loss,-251.24
T0091,S046,impulse,volatile,0.2-0.3,1,loss,-251.24
T0092,S047,gap,volatile,0.7-0.8,1,win,161.26
T0093,S047,impulse,volatile,0.2-0.3,1,win,161.26
T0094,S048,gap,volatile,0.6-0.7,1,win,161.26
T0095,S048,impulse,volatile,0.2-0.3,2,win,161.26
T0096,S049,gap,volatile,0.6-0.7,1,win,161.26
T0097,S049,impulse,volatile,0.2-0.3,1,win,161.26
T0098,S050,gap,volatile,0.6-0.7,1,loss,-251.24
T0099,S050,prior_breakout,volatile,0.3-0.4,1,win,161.26
T0100,S051,gap,volatile,0.6-0.7,1,win,161.26
T0101,S051,impulse,volatile,0.2-0.3,2,win,161.26
T0102,S052,gap,normal,0.5-0.6,1,loss,-251.24
T0103,S052,range_breakout,volatile,0.3-0.4,1,win,161.26
T0104,S053,impulse,volatile,0.3-0.4,1,win,161.26
T0105,S053,impulse,volatile,0.3-0.4,1,win,161.26
T0106,S054,gap,volatile,0.5-0.6,1,win,161.26
T0107,S054,impulse,volatile,0.2-0.3,1,win,161.26
T0108,S055,gap,normal,0.5-0.6,1,win,161.26
T0109,S055,impulse,volatile,0.3-0.4,1,win,161.26
T0110,S056,gap,volatile,0.5-0.6,1,loss,-251.24
T0111,S056,impulse,volatile,0.2-0.3,1,win,161.26
T0112,S057,gap,volatile,0.7-0.8,1,win,161.26
T0113,S057,prior_breakout,volatile,0.3-0.4,1,win,161.26
T0114,S058,gap,volatile,0.5-0.6,1,win,161.26
T0115,S058,impulse,volatile,0.2-0.3,1,loss,-251.24
T0116,S059,gap,volatile,0.6-0.7,1,win,161.26
T0117,S059,impulse,volatile,0.2-0.3,1,win,161.26
T0118,S060,gap,normal,0.5-0.6,1,win,161.26
T0119,S060,range_breakout,volatile,0.3-0.4,1,loss,-251.24
T0120,S061,gap,volatile,0.5-0.6,1,loss,-251.24
T0121,S061,impulse,volatile,0.2-0.3,1,win,161.26
T0122,S062,gap,normal,0.6-0.7,1,win,161.26
T0123,S062,range_breakout,volatile,0.3-0.4,2,win,161.26
T0124,S063,gap,volatile,0.7-0.8,1,win,161.26
T0125,S063,impulse,volatile,0.3-0.4,1,win,161.26
T0126,S064,gap,volatile,0.6-0.7,1,win,161.26
T0127,S064,impulse,volatile,0.2-0.3,1,win,161.26
T0128,S065,gap,volatile,0.6-0.7,1,loss,-251.24
T0129,S065,impulse,volatile,0.2-0.3,1,win,161.26
T0130,S066,impulse,volatile,0.3-0.4,1,win,161.26
T0131,S066,impulse,volatile,0.3-0.4,1,win,161.26
T0132,S067,gap,volatile,0.6-0.7,1,win,161.26
T0133,S067,impulse,volatile,0.2-0.3,1,win,161.26
T0134,S068,gap,normal,0.5-0.6,1,loss,-251.24
T0135,S068,impulse,volatile,0.3-0.4,1,win,161.26
T0136,S069,gap,volatile,0.5-0.6,1,loss,-251.24
T0137,S069,impulse,volatile,0.2-0.3,2,loss,-251.24
T0138,S070,gap,volatile,0.7-0.8,1,win,161.26
T0139,S070,impulse,volatile,0.3-0.4,1,win,161.26
T0140,S071,gap,volatile,0.6-0.7,1,loss,-251.24
T0141,S071,impulse,volatile,0.3-0.4,1,win,161.26
T0142,S072,gap,normal,0.4-0.5,1,win,161.26
T0143,S072,impulse,volatile,0.2-0.3,1,win,161.26
T0144,S073,gap,normal,0.5-0.6,1,loss,-251.24
T0145,S073,impulse,volatile,0.2-0.3,2,loss,-251.24
T0146,S074,gap,volatile,0.6-0.7,1,loss,-251.24
T0147,S074,impulse,volatile,0.3-0.4,1,win,161.26
T0148,S075,gap,volatile,0.6-0.7,1,win,161.26
T0149,S075,range_breakout,volatile,0.3-0.4,1,win,161.26
T0150,S076,gap,volatile,0.6-0.7,1,win,161.26
T0151,S076,impulse,volatile,0.3-0.4,2,win,161.26
T0152,S077,gap,volatile,0.6-0.7,1,loss,-251.24
T0153,S077,impulse,volatile,0.3-0.4,1,loss,-251.24
T0154,S078,gap,normal,0.4-0.5,1,loss,-251.24
T0155,S079,gap,volatile,0.7-0.8,1,loss,-251.24
T0156,S079,impulse,volatile,0.3-0.4,1,win,161.26
T0157,S080,gap,volatile,0.6-0.7,1,win,161.26
T0158,S080,impulse,volatile,0.2-0.3,1,win,161.26
T0159,S081,gap,volatile,0.7-0.8,1,win,161.26
T0160,S081,impulse,volatile,0.2-0.3,1,win,161.26
T0161,S082,gap,normal,0.6-0.7,1,loss,-251.24
T0162,S082,impulse,volatile,0.3-0.4,1,win,161.26
T0163,S083,gap,volatile,0.5-0.6,1,win,161.26
T0164,S083,impulse,volatile,0.2-0.3,1,win,161.26
